<?xml version="1.0"?>
<doc>
    <assembly>
        <name>Microsoft.VisualStudio.TestPlatform.TestFramework.Extensions</name>
    </assembly>
    <members>
        <member name="T:Microsoft.VisualStudio.TestTools.UnitTesting.DeploymentItemAttribute">
            <summary>
            Used to specify deployment item (file or directory) per-test deployment for copying files or folders specified as deployment items to the <see cref="T:Microsoft.VisualStudio.TestTools.UnitTesting.TestContext"/>.DeploymentDirectory.
            Deployment directory is where all the deployment items are present along with TestSource dll.
            Can be specified on test class or test method.
            Can have multiple instances of the attribute to specify more than one item.
            The item path can be absolute or relative, if relative, it is relative to RunConfig.RelativePathRoot.
            </summary>
            <remarks>
            If specified on a test class, the class needs to contain at least one test method. This means that the
            attribute cannot be combined with a test class that would contain only a AssemblyInitialize or ClassInitialize
            method.
            </remarks>
            <example>
            [DeploymentItem("file1.xml")]
            [DeploymentItem("file2.xml", "DataFiles")]
            [DeploymentItem("bin\Debug")].
            </example>
        </member>
        <member name="M:Microsoft.VisualStudio.TestTools.UnitTesting.DeploymentItemAttribute.#ctor(System.String)">
            <summary>
            Initializes a new instance of the <see cref="T:Microsoft.VisualStudio.TestTools.UnitTesting.DeploymentItemAttribute"/> class.
            </summary>
            <param name="path">The file or directory to deploy. The path is relative to the build output directory. The item will be copied to the same directory as the deployed test assemblies.</param>
        </member>
        <member name="M:Microsoft.VisualStudio.TestTools.UnitTesting.DeploymentItemAttribute.#ctor(System.String,System.String)">
            <summary>
            Initializes a new instance of the <see cref="T:Microsoft.VisualStudio.TestTools.UnitTesting.DeploymentItemAttribute"/> class.
            </summary>
            <param name="path">The relative or absolute path to the file or directory to deploy. The path is relative to the build output directory. The item will be copied to the same directory as the deployed test assemblies.</param>
            <param name="outputDirectory">The path of the directory to which the items are to be copied. It can be either absolute or relative to the deployment directory. All files and directories identified by <paramref name="path"/> will be copied to this directory.</param>
        </member>
        <member name="P:Microsoft.VisualStudio.TestTools.UnitTesting.DeploymentItemAttribute.Path">
            <summary>
            Gets the path of the source file or folder to be copied.
            </summary>
        </member>
        <member name="P:Microsoft.VisualStudio.TestTools.UnitTesting.DeploymentItemAttribute.OutputDirectory">
            <summary>
            Gets the path of the directory to which the item is copied.
            </summary>
        </member>
        <member name="T:Microsoft.VisualStudio.TestTools.UnitTesting.TestContext">
            <summary>
            Used to store information that is provided to unit tests.
            </summary>
        </member>
        <member name="P:Microsoft.VisualStudio.TestTools.UnitTesting.TestContext.Properties">
            <summary>
            Gets test properties for a test.
            </summary>
        </member>
        <member name="P:Microsoft.VisualStudio.TestTools.UnitTesting.TestContext.CancellationTokenSource">
            <summary>
            Gets or sets the cancellation token source. This token source is canceled when test times out. Also when explicitly canceled the test will be aborted.
            </summary>
        </member>
        <member name="P:Microsoft.VisualStudio.TestTools.UnitTesting.TestContext.TestRunDirectory">
            <summary>
            Gets base directory for the test run, under which deployed files and result files are stored.
            </summary>
        </member>
        <member name="P:Microsoft.VisualStudio.TestTools.UnitTesting.TestContext.DeploymentDirectory">
            <summary>
            Gets directory for files deployed for the test run. Typically a subdirectory of <see cref="P:Microsoft.VisualStudio.TestTools.UnitTesting.TestContext.TestRunDirectory"/>.
            </summary>
        </member>
        <member name="P:Microsoft.VisualStudio.TestTools.UnitTesting.TestContext.ResultsDirectory">
            <summary>
            Gets base directory for results from the test run. Typically a subdirectory of <see cref="P:Microsoft.VisualStudio.TestTools.UnitTesting.TestContext.TestRunDirectory"/>.
            </summary>
        </member>
        <member name="P:Microsoft.VisualStudio.TestTools.UnitTesting.TestContext.TestRunResultsDirectory">
            <summary>
            Gets directory for test run result files. Typically a subdirectory of <see cref="P:Microsoft.VisualStudio.TestTools.UnitTesting.TestContext.ResultsDirectory"/>.
            </summary>
        </member>
        <member name="P:Microsoft.VisualStudio.TestTools.UnitTesting.TestContext.TestResultsDirectory">
            <summary>
            Gets directory for test result files.
            </summary>
        </member>
        <member name="P:Microsoft.VisualStudio.TestTools.UnitTesting.TestContext.TestDir">
            <summary>
            Gets base directory for the test run, under which deployed files and result files are stored.
            Same as <see cref="P:Microsoft.VisualStudio.TestTools.UnitTesting.TestContext.TestRunDirectory"/>. Use that property instead.
            </summary>
        </member>
        <member name="P:Microsoft.VisualStudio.TestTools.UnitTesting.TestContext.TestDeploymentDir">
            <summary>
            Gets directory for files deployed for the test run. Typically a subdirectory of <see cref="P:Microsoft.VisualStudio.TestTools.UnitTesting.TestContext.TestRunDirectory"/>.
            Same as <see cref="P:Microsoft.VisualStudio.TestTools.UnitTesting.TestContext.DeploymentDirectory"/>. Use that property instead.
            </summary>
        </member>
        <member name="P:Microsoft.VisualStudio.TestTools.UnitTesting.TestContext.TestLogsDir">
            <summary>
            Gets directory for test run result files. Typically a subdirectory of <see cref="P:Microsoft.VisualStudio.TestTools.UnitTesting.TestContext.ResultsDirectory"/>.
            Same as <see cref="P:Microsoft.VisualStudio.TestTools.UnitTesting.TestContext.TestRunResultsDirectory"/>. Use that property for test run result files, or
            <see cref="P:Microsoft.VisualStudio.TestTools.UnitTesting.TestContext.TestResultsDirectory"/> for test-specific result files instead.
            </summary>
        </member>
        <member name="P:Microsoft.VisualStudio.TestTools.UnitTesting.TestContext.FullyQualifiedTestClassName">
            <summary>
            Gets the Fully-qualified name of the class containing the test method currently being executed.
            </summary>
            <remarks>
            This property can be useful in attributes derived from ExpectedExceptionBaseAttribute.
            Those attributes have access to the test context, and provide messages that are included
            in the test results. Users can benefit from messages that include the fully-qualified
            class name in addition to the name of the test method currently being executed.
            </remarks>
        </member>
        <member name="P:Microsoft.VisualStudio.TestTools.UnitTesting.TestContext.ManagedType">
            <summary>
            Gets the fully specified type name metadata format.
            </summary>
        </member>
        <member name="P:Microsoft.VisualStudio.TestTools.UnitTesting.TestContext.ManagedMethod">
            <summary>
            Gets the fully specified method name metadata format.
            </summary>
        </member>
        <member name="P:Microsoft.VisualStudio.TestTools.UnitTesting.TestContext.TestName">
            <summary>
            Gets the name of the test method currently being executed.
            </summary>
        </member>
        <member name="P:Microsoft.VisualStudio.TestTools.UnitTesting.TestContext.CurrentTestOutcome">
            <summary>
            Gets the current test outcome.
            </summary>
        </member>
        <member name="P:Microsoft.VisualStudio.TestTools.UnitTesting.TestContext.TestException">
            <summary>
            Gets or sets the exception that occurred in the TestInitialize or TestMethod steps.
            </summary>
            <remarks>
            The property is always <c>null</c> when accessed during the TestInitialize or TestMethod steps.
            </remarks>
        </member>
        <member name="M:Microsoft.VisualStudio.TestTools.UnitTesting.TestContext.AddResultFile(System.String)">
            <summary>
            Adds a file name to the list in TestResult.ResultFileNames.
            </summary>
            <param name="fileName">
            The file Name.
            </param>
        </member>
        <member name="M:Microsoft.VisualStudio.TestTools.UnitTesting.TestContext.Write(System.String)">
            <summary>
            Used to write trace messages while the test is running.
            </summary>
            <param name="message">formatted message string.</param>
        </member>
        <member name="M:Microsoft.VisualStudio.TestTools.UnitTesting.TestContext.Write(System.String,System.Object[])">
            <summary>
            Used to write trace messages while the test is running.
            </summary>
            <param name="format">format string.</param>
            <param name="args">the arguments.</param>
        </member>
        <member name="M:Microsoft.VisualStudio.TestTools.UnitTesting.TestContext.WriteLine(System.String)">
            <summary>
            Used to write trace messages while the test is running.
            </summary>
            <param name="message">formatted message string.</param>
        </member>
        <member name="M:Microsoft.VisualStudio.TestTools.UnitTesting.TestContext.WriteLine(System.String,System.Object[])">
            <summary>
            Used to write trace messages while the test is running.
            </summary>
            <param name="format">format string.</param>
            <param name="args">the arguments.</param>
        </member>
    </members>
</doc>
